-- COMPANIES
INSERT INTO companies (id, name, "legalName", website, description, "companyType", "ownershipStatus", "foundedYear", "employeeCountRange", "annualRevenueRange", "headquartersCountry", "headquartersCity", "headquartersStateProvince", "stockTicker", "stockExchange", tags) VALUES ('co_009hic82', 'Pfizer', 'Pfizer Inc.', 'https://www.pfizer.com', 'Global pharmaceutical and biotechnology corporation', 'Pharma', 'Public', 1849, '10000+', '1B+', 'United States', 'New York', 'New York', 'PFE', 'NYSE', 'pharma;vaccines;oncology');
INSERT INTO companies (id, name, "legalName", website, description, "companyType", "ownershipStatus", "foundedYear", "employeeCountRange", "annualRevenueRange", "headquartersCountry", "headquartersCity", "headquartersStateProvince", "stockTicker", "stockExchange", tags) VALUES ('co_00l4pj4q', 'Johnson & Johnson', 'Johnson & Johnson', 'https://www.jnj.com', 'American multinational corporation for medical devices and pharmaceuticals', 'Pharma', 'Public', 1886, '10000+', '1B+', 'United States', 'New Brunswick', 'New Jersey', 'JNJ', 'NYSE', 'pharma;medtech;consumer-health');
INSERT INTO companies (id, name, "legalName", website, description, "companyType", "ownershipStatus", "foundedYear", "employeeCountRange", "annualRevenueRange", "headquartersCountry", "headquartersCity", "headquartersStateProvince", "stockTicker", "stockExchange", tags) VALUES ('co_00y11gln', 'Roche', 'F. Hoffmann-La Roche AG', 'https://www.roche.com', 'Swiss multinational healthcare company in pharmaceuticals and diagnostics', 'Pharma', 'Public', 1896, '10000+', '1B+', 'Switzerland', 'Basel', NULL, 'ROG', 'SIX', 'pharma;diagnostics;oncology');
INSERT INTO companies (id, name, "legalName", website, description, "companyType", "ownershipStatus", "foundedYear", "employeeCountRange", "annualRevenueRange", "headquartersCountry", "headquartersCity", "headquartersStateProvince", "stockTicker", "stockExchange", tags) VALUES ('co_00xnfhba', 'Novartis', 'Novartis AG', 'https://www.novartis.com', 'Swiss multinational pharmaceutical corporation', 'Pharma', 'Public', 1996, '10000+', '1B+', 'Switzerland', 'Basel', NULL, 'NVS', 'NYSE', 'pharma;generics;oncology');
INSERT INTO companies (id, name, "legalName", website, description, "companyType", "ownershipStatus", "foundedYear", "employeeCountRange", "annualRevenueRange", "headquartersCountry", "headquartersCity", "headquartersStateProvince", "stockTicker", "stockExchange", tags) VALUES ('co_0014k1i5', 'AstraZeneca', 'AstraZeneca PLC', 'https://www.astrazeneca.com', 'British-Swedish multinational pharmaceutical and biotechnology company', 'Pharma', 'Public', 1999, '10000+', '1B+', 'United Kingdom', 'Cambridge', NULL, 'AZN', 'LSE', 'pharma;oncology;respiratory');
INSERT INTO companies (id, name, "legalName", website, description, "companyType", "ownershipStatus", "foundedYear", "employeeCountRange", "annualRevenueRange", "headquartersCountry", "headquartersCity", "headquartersStateProvince", "stockTicker", "stockExchange", tags) VALUES ('co_00twk25o', 'Moderna', 'Moderna Inc.', 'https://www.modernatx.com', 'Biotechnology company pioneering mRNA therapeutics and vaccines', 'Biotech', 'Public', 2010, '5001-10000', '10-50B', 'United States', 'Cambridge', 'Massachusetts', 'MRNA', 'NASDAQ', 'biotech;mRNA;vaccines');
INSERT INTO companies (id, name, "legalName", website, description, "companyType", "ownershipStatus", "foundedYear", "employeeCountRange", "annualRevenueRange", "headquartersCountry", "headquartersCity", "headquartersStateProvince", "stockTicker", "stockExchange", tags) VALUES ('co_00wf1f5h', 'Medtronic', 'Medtronic plc', 'https://www.medtronic.com', 'Global leader in medical technology services and solutions', 'MedTech', 'Public', 1949, '10000+', '1B+', 'Ireland', 'Dublin', NULL, 'MDT', 'NYSE', 'medtech;devices;cardiac');
INSERT INTO companies (id, name, "legalName", website, description, "companyType", "ownershipStatus", "foundedYear", "employeeCountRange", "annualRevenueRange", "headquartersCountry", "headquartersCity", "headquartersStateProvince", "stockTicker", "stockExchange", tags) VALUES ('co_00msez0o', 'Teladoc Health', 'Teladoc Health Inc.', 'https://www.teladochealth.com', 'Multinational telemedicine and virtual healthcare company', 'Health IT', 'Public', 2002, '1001-5000', '100-500M', 'United States', 'Purchase', 'New York', 'TDOC', 'NYSE', 'telehealth;digital-health');
INSERT INTO companies (id, name, "legalName", website, description, "companyType", "ownershipStatus", "foundedYear", "employeeCountRange", "annualRevenueRange", "headquartersCountry", "headquartersCity", "headquartersStateProvince", "stockTicker", "stockExchange", tags) VALUES ('co_00y5xxuw', 'IQVIA', 'IQVIA Holdings Inc.', 'https://www.iqvia.com', 'Leading global provider of clinical research services and healthcare analytics', 'CRO', 'Public', 2016, '10000+', '1B+', 'United States', 'Durham', 'North Carolina', 'IQV', 'NYSE', 'CRO;analytics;real-world-data');
INSERT INTO companies (id, name, "legalName", website, description, "companyType", "ownershipStatus", "foundedYear", "employeeCountRange", "annualRevenueRange", "headquartersCountry", "headquartersCity", "headquartersStateProvince", "stockTicker", "stockExchange", tags) VALUES ('co_00ogfpqg', 'Tempus AI', 'Tempus AI Inc.', 'https://www.tempus.com', 'Technology company advancing precision medicine through AI and data science', 'Health IT', 'Public', 2015, '1001-5000', '500M-1B', 'United States', 'Chicago', 'Illinois', 'TEM', 'NASDAQ', 'AI;precision-medicine;diagnostics');
INSERT INTO companies (id, name, "legalName", website, description, "companyType", "ownershipStatus", "foundedYear", "employeeCountRange", "annualRevenueRange", "headquartersCountry", "headquartersCity", "headquartersStateProvince", "stockTicker", "stockExchange", tags) VALUES ('co_00gv7drr', 'Illumina', 'Illumina Inc.', 'https://www.illumina.com', 'Global leader in DNA sequencing and array-based technologies', 'Biotech', 'Public', 1998, '5001-10000', '1B+', 'United States', 'San Diego', 'California', 'ILMN', 'NASDAQ', 'genomics;sequencing;diagnostics');
INSERT INTO companies (id, name, "legalName", website, description, "companyType", "ownershipStatus", "foundedYear", "employeeCountRange", "annualRevenueRange", "headquartersCountry", "headquartersCity", "headquartersStateProvince", "stockTicker", "stockExchange", tags) VALUES ('co_00vli3w7', 'Veeva Systems', 'Veeva Systems Inc.', 'https://www.veeva.com', 'Cloud computing company focused on pharmaceutical and life sciences applications', 'Health IT', 'Public', 2007, '5001-10000', '1B+', 'United States', 'Pleasanton', 'California', 'VEEV', 'NYSE', 'cloud;life-sciences;CRM');
INSERT INTO companies (id, name, "legalName", website, description, "companyType", "ownershipStatus", "foundedYear", "employeeCountRange", "annualRevenueRange", "headquartersCountry", "headquartersCity", "headquartersStateProvince", "stockTicker", "stockExchange", tags) VALUES ('co_00ms3cqy', 'BioNTech', 'BioNTech SE', 'https://www.biontech.de', 'Biotechnology company developing mRNA-based therapies', 'Biotech', 'Public', 2008, '1001-5000', '1B+', 'Germany', 'Mainz', NULL, 'BNTX', 'NASDAQ', 'biotech;mRNA;immunotherapy');
INSERT INTO companies (id, name, "legalName", website, description, "companyType", "ownershipStatus", "foundedYear", "employeeCountRange", "annualRevenueRange", "headquartersCountry", "headquartersCity", "headquartersStateProvince", "stockTicker", "stockExchange", tags) VALUES ('co_007dlamw', 'Catalent', 'Catalent Inc.', 'https://www.catalent.com', 'Global leader in enabling biopharma and consumer health partners', 'CDMO', 'Private', 2007, '10000+', '1B+', 'United States', 'Somerset', 'New Jersey', NULL, NULL, 'CDMO;drug-delivery;biologics');
INSERT INTO companies (id, name, "legalName", website, description, "companyType", "ownershipStatus", "foundedYear", "employeeCountRange", "annualRevenueRange", "headquartersCountry", "headquartersCity", "headquartersStateProvince", "stockTicker", "stockExchange", tags) VALUES ('co_00cs19ay', 'Oscar Health', 'Oscar Health Inc.', 'https://www.hioscar.com', 'Health insurance company using technology to make health insurance simple', 'Payer', 'Public', 2012, '1001-5000', '1B+', 'United States', 'New York', 'New York', 'OSCR', 'NYSE', 'insurance;digital-health;payer');
INSERT INTO companies (id, name, "legalName", website, description, "companyType", "ownershipStatus", "foundedYear", "employeeCountRange", "annualRevenueRange", "headquartersCountry", "headquartersCity", "headquartersStateProvince", "stockTicker", "stockExchange", tags) VALUES ('co_00yaf5re', 'Amgen', 'Amgen Inc.', 'https://www.amgen.com', 'Multinational biopharmaceutical company pioneering biotechnology medicines', 'Biotech', 'Public', 1980, '10000+', '1B+', 'United States', 'Thousand Oaks', 'California', 'AMGN', 'NASDAQ', 'biotech;biosimilars;oncology');
INSERT INTO companies (id, name, "legalName", website, description, "companyType", "ownershipStatus", "foundedYear", "employeeCountRange", "annualRevenueRange", "headquartersCountry", "headquartersCity", "headquartersStateProvince", "stockTicker", "stockExchange", tags) VALUES ('co_00gfu319', 'Gilead Sciences', 'Gilead Sciences Inc.', 'https://www.gilead.com', 'Biopharmaceutical company discovering and commercializing innovative therapeutics', 'Biotech', 'Public', 1987, '10000+', '1B+', 'United States', 'Foster City', 'California', 'GILD', 'NASDAQ', 'biotech;antiviral;oncology');
INSERT INTO companies (id, name, "legalName", website, description, "companyType", "ownershipStatus", "foundedYear", "employeeCountRange", "annualRevenueRange", "headquartersCountry", "headquartersCity", "headquartersStateProvince", "stockTicker", "stockExchange", tags) VALUES ('co_00959l6t', 'Regeneron', 'Regeneron Pharmaceuticals Inc.', 'https://www.regeneron.com', 'Biotechnology company inventing medicines for serious diseases', 'Biotech', 'Public', 1988, '10000+', '1B+', 'United States', 'Tarrytown', 'New York', 'REGN', 'NASDAQ', 'biotech;antibodies;ophthalmology');
INSERT INTO companies (id, name, "legalName", website, description, "companyType", "ownershipStatus", "foundedYear", "employeeCountRange", "annualRevenueRange", "headquartersCountry", "headquartersCity", "headquartersStateProvince", "stockTicker", "stockExchange", tags) VALUES ('co_009mb26o', 'Eli Lilly', 'Eli Lilly and Company', 'https://www.lilly.com', 'Global pharmaceutical company with leading diabetes and oncology portfolios', 'Pharma', 'Public', 1876, '10000+', '1B+', 'United States', 'Indianapolis', 'Indiana', 'LLY', 'NYSE', 'pharma;diabetes;GLP-1;oncology');
INSERT INTO companies (id, name, "legalName", website, description, "companyType", "ownershipStatus", "foundedYear", "employeeCountRange", "annualRevenueRange", "headquartersCountry", "headquartersCity", "headquartersStateProvince", "stockTicker", "stockExchange", tags) VALUES ('co_00y3yifg', 'Merck', 'Merck & Co. Inc.', 'https://www.merck.com', 'Global healthcare company delivering innovative health solutions', 'Pharma', 'Public', 1891, '10000+', '1B+', 'United States', 'Rahway', 'New Jersey', 'MRK', 'NYSE', 'pharma;oncology;vaccines;immunology');
INSERT INTO companies (id, name, "legalName", website, description, "companyType", "ownershipStatus", "foundedYear", "employeeCountRange", "annualRevenueRange", "headquartersCountry", "headquartersCity", "headquartersStateProvince", "stockTicker", "stockExchange", tags) VALUES ('co_00atz78g', 'Sanofi', 'Sanofi S.A.', 'https://www.sanofi.com', 'French multinational pharmaceutical and healthcare company', 'Pharma', 'Public', 2004, '10000+', '1B+', 'France', 'Paris', NULL, 'SNY', 'NASDAQ', 'pharma;vaccines;immunology;rare-disease');
INSERT INTO companies (id, name, "legalName", website, description, "companyType", "ownershipStatus", "foundedYear", "employeeCountRange", "annualRevenueRange", "headquartersCountry", "headquartersCity", "headquartersStateProvince", "stockTicker", "stockExchange", tags) VALUES ('co_00mfj2mn', 'GSK', 'GSK plc', 'https://www.gsk.com', 'British multinational pharmaceutical and biotechnology company', 'Pharma', 'Public', 2000, '10000+', '1B+', 'United Kingdom', 'London', NULL, 'GSK', 'LSE', 'pharma;vaccines;respiratory');
INSERT INTO companies (id, name, "legalName", website, description, "companyType", "ownershipStatus", "foundedYear", "employeeCountRange", "annualRevenueRange", "headquartersCountry", "headquartersCity", "headquartersStateProvince", "stockTicker", "stockExchange", tags) VALUES ('co_00ya2nnr', 'Bayer', 'Bayer AG', 'https://www.bayer.com', 'German multinational pharmaceutical and life sciences company', 'Pharma', 'Public', 1863, '10000+', '1B+', 'Germany', 'Leverkusen', NULL, 'BAYN', 'XETRA', 'pharma;crop-science;cardiovascular');
INSERT INTO companies (id, name, "legalName", website, description, "companyType", "ownershipStatus", "foundedYear", "employeeCountRange", "annualRevenueRange", "headquartersCountry", "headquartersCity", "headquartersStateProvince", "stockTicker", "stockExchange", tags) VALUES ('co_00qf41d5', 'Danaher', 'Danaher Corporation', 'https://www.danaher.com', 'Global science and technology innovator in diagnostics and life sciences', 'MedTech', 'Public', 1969, '10000+', '1B+', 'United States', 'Washington', 'District of Columbia', 'DHR', 'NYSE', 'diagnostics;life-sciences;instruments');
INSERT INTO companies (id, name, "legalName", website, description, "companyType", "ownershipStatus", "foundedYear", "employeeCountRange", "annualRevenueRange", "headquartersCountry", "headquartersCity", "headquartersStateProvince", "stockTicker", "stockExchange", tags) VALUES ('co_002bi58c', 'Abbott', 'Abbott Laboratories', 'https://www.abbott.com', 'Global healthcare company with diversified medical devices and diagnostics', 'MedTech', 'Public', 1888, '10000+', '1B+', 'United States', 'Abbott Park', 'Illinois', 'ABT', 'NYSE', 'medtech;diagnostics;nutrition');
INSERT INTO companies (id, name, "legalName", website, description, "companyType", "ownershipStatus", "foundedYear", "employeeCountRange", "annualRevenueRange", "headquartersCountry", "headquartersCity", "headquartersStateProvince", "stockTicker", "stockExchange", tags) VALUES ('co_00aa0k66', 'Stryker', 'Stryker Corporation', 'https://www.stryker.com', 'Leading medical technology company specializing in orthopaedics and surgical equipment', 'MedTech', 'Public', 1941, '10000+', '1B+', 'United States', 'Kalamazoo', 'Michigan', 'SYK', 'NYSE', 'medtech;orthopaedics;surgical');
INSERT INTO companies (id, name, "legalName", website, description, "companyType", "ownershipStatus", "foundedYear", "employeeCountRange", "annualRevenueRange", "headquartersCountry", "headquartersCity", "headquartersStateProvince", "stockTicker", "stockExchange", tags) VALUES ('co_00ng6ocu', 'Boston Scientific', 'Boston Scientific Corporation', 'https://www.bostonscientific.com', 'Global medical device manufacturer focused on interventional specialties', 'MedTech', 'Public', 1979, '10000+', '1B+', 'United States', 'Marlborough', 'Massachusetts', 'BSX', 'NYSE', 'medtech;cardiology;endoscopy');
INSERT INTO companies (id, name, "legalName", website, description, "companyType", "ownershipStatus", "foundedYear", "employeeCountRange", "annualRevenueRange", "headquartersCountry", "headquartersCity", "headquartersStateProvince", "stockTicker", "stockExchange", tags) VALUES ('co_00bkqqhu', 'Exact Sciences', 'Exact Sciences Corporation', 'https://www.exactsciences.com', 'Molecular diagnostics company focused on cancer screening and diagnostics', 'Biotech', 'Public', 1995, '5001-10000', '1B+', 'United States', 'Madison', 'Wisconsin', 'EXAS', 'NASDAQ', 'diagnostics;oncology;screening');
INSERT INTO companies (id, name, "legalName", website, description, "companyType", "ownershipStatus", "foundedYear", "employeeCountRange", "annualRevenueRange", "headquartersCountry", "headquartersCity", "headquartersStateProvince", "stockTicker", "stockExchange", tags) VALUES ('co_007ppbjh', 'Parexel', 'Parexel International Corporation', 'https://www.parexel.com', 'Global clinical research and regulatory consulting organization', 'CRO', 'PE-Backed', 1982, '10000+', '1B+', 'United States', 'Durham', 'North Carolina', NULL, NULL, 'CRO;clinical-trials;regulatory');

-- CONTACTS
INSERT INTO contacts (id, "firstName", "lastName", email, "jobTitle", seniority, department, "companyName", "companyId", country, city, "stateProvince", bio, tags) VALUES ('ct_00ueiser', 'Albert', 'Bourla', 'albert.bourla@pfizer.com', 'Chairman and CEO', 'C-Suite', 'Executive Leadership', 'Pfizer', 'co_009hic82', 'United States', 'New York', 'New York', 'Leading Pfizer''s mission to deliver breakthroughs that change patients'' lives', 'executive;pharma;CEO');
INSERT INTO contacts (id, "firstName", "lastName", email, "jobTitle", seniority, department, "companyName", "companyId", country, city, "stateProvince", bio, tags) VALUES ('ct_00di1wc2', 'Joaquin', 'Duato', 'joaquin.duato@jnj.com', 'Chairman and CEO', 'C-Suite', 'Executive Leadership', 'Johnson & Johnson', 'co_00l4pj4q', 'United States', 'New Brunswick', 'New Jersey', 'Chairman of the Board and CEO of Johnson & Johnson', 'executive;pharma;CEO');
INSERT INTO contacts (id, "firstName", "lastName", email, "jobTitle", seniority, department, "companyName", "companyId", country, city, "stateProvince", bio, tags) VALUES ('ct_00jqv8ic', 'Thomas', 'Schinecker', 'thomas.schinecker@roche.com', 'CEO', 'C-Suite', 'Executive Leadership', 'Roche', 'co_00y11gln', 'Switzerland', 'Basel', NULL, 'Leading Roche''s global healthcare innovation strategy', 'executive;pharma;CEO');
INSERT INTO contacts (id, "firstName", "lastName", email, "jobTitle", seniority, department, "companyName", "companyId", country, city, "stateProvince", bio, tags) VALUES ('ct_008v1bok', 'Vas', 'Narasimhan', 'vas.narasimhan@novartis.com', 'CEO', 'C-Suite', 'Executive Leadership', 'Novartis', 'co_00xnfhba', 'Switzerland', 'Basel', NULL, 'CEO of Novartis reimagining medicine', 'executive;pharma;CEO');
INSERT INTO contacts (id, "firstName", "lastName", email, "jobTitle", seniority, department, "companyName", "companyId", country, city, "stateProvince", bio, tags) VALUES ('ct_0067da17', 'Pascal', 'Soriot', 'pascal.soriot@astrazeneca.com', 'CEO', 'C-Suite', 'Executive Leadership', 'AstraZeneca', 'co_0014k1i5', 'United Kingdom', 'Cambridge', NULL, 'Executive Director and CEO of AstraZeneca', 'executive;pharma;CEO');
INSERT INTO contacts (id, "firstName", "lastName", email, "jobTitle", seniority, department, "companyName", "companyId", country, city, "stateProvince", bio, tags) VALUES ('ct_00pmpav1', 'Stephane', 'Bancel', 'stephane.bancel@modernatx.com', 'CEO', 'C-Suite', 'Executive Leadership', 'Moderna', 'co_00twk25o', 'United States', 'Cambridge', 'Massachusetts', 'CEO of Moderna leading the mRNA revolution', 'executive;biotech;CEO');
INSERT INTO contacts (id, "firstName", "lastName", email, "jobTitle", seniority, department, "companyName", "companyId", country, city, "stateProvince", bio, tags) VALUES ('ct_00ji4pit', 'Geoffrey', 'Martha', 'geoffrey.martha@medtronic.com', 'Chairman and CEO', 'C-Suite', 'Executive Leadership', 'Medtronic', 'co_00wf1f5h', 'Ireland', 'Dublin', NULL, 'CEO of Medtronic driving healthcare technology innovation', 'executive;medtech;CEO');
INSERT INTO contacts (id, "firstName", "lastName", email, "jobTitle", seniority, department, "companyName", "companyId", country, city, "stateProvince", bio, tags) VALUES ('ct_00jbx0n6', 'Jason', 'Gorevic', 'jason.gorevic@teladoc.com', 'CEO', 'C-Suite', 'Executive Leadership', 'Teladoc Health', 'co_00msez0o', 'United States', 'Purchase', 'New York', 'Leading virtual care transformation at Teladoc Health', 'executive;telehealth;CEO');
INSERT INTO contacts (id, "firstName", "lastName", email, "jobTitle", seniority, department, "companyName", "companyId", country, city, "stateProvince", bio, tags) VALUES ('ct_00nn2186', 'Ari', 'Bousbib', 'ari.bousbib@iqvia.com', 'Chairman and CEO', 'C-Suite', 'Executive Leadership', 'IQVIA', 'co_00y5xxuw', 'United States', 'Durham', 'North Carolina', 'CEO of IQVIA powering healthcare with data and analytics', 'executive;CRO;CEO');
INSERT INTO contacts (id, "firstName", "lastName", email, "jobTitle", seniority, department, "companyName", "companyId", country, city, "stateProvince", bio, tags) VALUES ('ct_00z7bjvb', 'Eric', 'Lefkofsky', 'eric.lefkofsky@tempus.com', 'Founder and CEO', 'C-Suite', 'Executive Leadership', 'Tempus AI', 'co_00ogfpqg', 'United States', 'Chicago', 'Illinois', 'Founder and CEO of Tempus advancing precision medicine with AI', 'executive;AI;CEO');
INSERT INTO contacts (id, "firstName", "lastName", email, "jobTitle", seniority, department, "companyName", "companyId", country, city, "stateProvince", bio, tags) VALUES ('ct_003kowgj', 'Sarah', 'Chen', 'sarah.chen@pfizer.com', 'VP of Data Science', 'VP', 'IT/Digital', 'Pfizer', 'co_009hic82', 'United States', 'New York', 'New York', 'Leading AI/ML initiatives in drug discovery at Pfizer', 'data-science;AI;VP');
INSERT INTO contacts (id, "firstName", "lastName", email, "jobTitle", seniority, department, "companyName", "companyId", country, city, "stateProvince", bio, tags) VALUES ('ct_00z9gglx', 'Marcus', 'Williams', 'marcus.williams@modernatx.com', 'Chief Medical Officer', 'C-Suite', 'Clinical', 'Moderna', 'co_00twk25o', 'United States', 'Cambridge', 'Massachusetts', 'Overseeing clinical development of mRNA therapeutics', 'clinical;CMO;mRNA');
INSERT INTO contacts (id, "firstName", "lastName", email, "jobTitle", seniority, department, "companyName", "companyId", country, city, "stateProvince", bio, tags) VALUES ('ct_00qodt88', 'Lisa', 'Park', 'lisa.park@veeva.com', 'SVP of Product', 'VP', 'Commercial', 'Veeva Systems', 'co_00vli3w7', 'United States', 'Pleasanton', 'California', 'Leading cloud product strategy for life sciences', 'product;cloud;SVP');
INSERT INTO contacts (id, "firstName", "lastName", email, "jobTitle", seniority, department, "companyName", "companyId", country, city, "stateProvince", bio, tags) VALUES ('ct_007tjcrq', 'David', 'Mueller', 'david.mueller@biontech.de', 'Head of Oncology R&D', 'Director', 'R&D', 'BioNTech', 'co_00ms3cqy', 'Germany', 'Mainz', NULL, 'Leading oncology research programs at BioNTech', 'R&D;oncology;director');
INSERT INTO contacts (id, "firstName", "lastName", email, "jobTitle", seniority, department, "companyName", "companyId", country, city, "stateProvince", bio, tags) VALUES ('ct_00gi4cw5', 'Jennifer', 'Lopez', 'jennifer.lopez@iqvia.com', 'Chief Data Officer', 'C-Suite', 'IT/Digital', 'IQVIA', 'co_00y5xxuw', 'United States', 'Durham', 'North Carolina', 'Driving real-world evidence and healthcare analytics', 'data;analytics;CDO');
INSERT INTO contacts (id, "firstName", "lastName", email, "jobTitle", seniority, department, "companyName", "companyId", country, city, "stateProvince", bio, tags) VALUES ('ct_000d9xud', 'Robert', 'Davis', 'robert.davis@merck.com', 'Chairman and CEO', 'C-Suite', 'Executive Leadership', 'Merck', 'co_00y3yifg', 'United States', 'Rahway', 'New Jersey', 'Leading Merck''s mission to save and improve lives through innovative medicines', 'executive;pharma;CEO');
INSERT INTO contacts (id, "firstName", "lastName", email, "jobTitle", seniority, department, "companyName", "companyId", country, city, "stateProvince", bio, tags) VALUES ('ct_000p909s', 'David', 'Ricks', 'david.ricks@lilly.com', 'Chairman and CEO', 'C-Suite', 'Executive Leadership', 'Eli Lilly', 'co_009mb26o', 'United States', 'Indianapolis', 'Indiana', 'Chairman and CEO of Eli Lilly driving breakthrough medicines in diabetes and oncology', 'executive;pharma;CEO');
INSERT INTO contacts (id, "firstName", "lastName", email, "jobTitle", seniority, department, "companyName", "companyId", country, city, "stateProvince", bio, tags) VALUES ('ct_00l9lhbk', 'Robert', 'Bradway', 'robert.bradway@amgen.com', 'Chairman and CEO', 'C-Suite', 'Executive Leadership', 'Amgen', 'co_00yaf5re', 'United States', 'Thousand Oaks', 'California', 'Leading Amgen''s mission to serve patients with innovative biotechnology medicines', 'executive;biotech;CEO');
INSERT INTO contacts (id, "firstName", "lastName", email, "jobTitle", seniority, department, "companyName", "companyId", country, city, "stateProvince", bio, tags) VALUES ('ct_00n8yfi6', 'Daniel', 'O''Day', 'daniel.oday@gilead.com', 'Chairman and CEO', 'C-Suite', 'Executive Leadership', 'Gilead Sciences', 'co_00gfu319', 'United States', 'Foster City', 'California', 'CEO of Gilead Sciences driving innovation in antiviral and oncology therapeutics', 'executive;biotech;CEO');
INSERT INTO contacts (id, "firstName", "lastName", email, "jobTitle", seniority, department, "companyName", "companyId", country, city, "stateProvince", bio, tags) VALUES ('ct_00usqo3p', 'Leonard', 'Schleifer', 'leonard.schleifer@regeneron.com', 'Co-Founder and CEO', 'C-Suite', 'Executive Leadership', 'Regeneron', 'co_00959l6t', 'United States', 'Tarrytown', 'New York', 'Co-founder and CEO of Regeneron pioneering antibody-based medicines', 'executive;biotech;CEO');
INSERT INTO contacts (id, "firstName", "lastName", email, "jobTitle", seniority, department, "companyName", "companyId", country, city, "stateProvince", bio, tags) VALUES ('ct_00ik9yrx', 'Paul', 'Hudson', 'paul.hudson@sanofi.com', 'CEO', 'C-Suite', 'Executive Leadership', 'Sanofi', 'co_00atz78g', 'France', 'Paris', NULL, 'CEO of Sanofi transforming the company into a focused biopharma leader', 'executive;pharma;CEO');
INSERT INTO contacts (id, "firstName", "lastName", email, "jobTitle", seniority, department, "companyName", "companyId", country, city, "stateProvince", bio, tags) VALUES ('ct_00eplekz', 'Emma', 'Walmsley', 'emma.walmsley@gsk.com', 'CEO', 'C-Suite', 'Executive Leadership', 'GSK', 'co_00mfj2mn', 'United Kingdom', 'London', NULL, 'CEO of GSK focused on vaccines and specialty medicines', 'executive;pharma;CEO');
INSERT INTO contacts (id, "firstName", "lastName", email, "jobTitle", seniority, department, "companyName", "companyId", country, city, "stateProvince", bio, tags) VALUES ('ct_0066xyvu', 'Bill', 'Anderson', 'bill.anderson@bayer.com', 'CEO', 'C-Suite', 'Executive Leadership', 'Bayer', 'co_00ya2nnr', 'Germany', 'Leverkusen', NULL, 'CEO of Bayer driving pharmaceutical and life sciences innovation', 'executive;pharma;CEO');
INSERT INTO contacts (id, "firstName", "lastName", email, "jobTitle", seniority, department, "companyName", "companyId", country, city, "stateProvince", bio, tags) VALUES ('ct_000x89pw', 'Rainer', 'Blair', 'rainer.blair@danaher.com', 'President and CEO', 'C-Suite', 'Executive Leadership', 'Danaher', 'co_00qf41d5', 'United States', 'Washington', 'District of Columbia', 'President and CEO of Danaher advancing science and technology', 'executive;medtech;CEO');
INSERT INTO contacts (id, "firstName", "lastName", email, "jobTitle", seniority, department, "companyName", "companyId", country, city, "stateProvince", bio, tags) VALUES ('ct_005vvd99', 'Robert', 'Ford', 'robert.ford@abbott.com', 'Chairman and CEO', 'C-Suite', 'Executive Leadership', 'Abbott', 'co_002bi58c', 'United States', 'Abbott Park', 'Illinois', 'Chairman and CEO of Abbott driving healthcare innovation globally', 'executive;medtech;CEO');
INSERT INTO contacts (id, "firstName", "lastName", email, "jobTitle", seniority, department, "companyName", "companyId", country, city, "stateProvince", bio, tags) VALUES ('ct_00blejsn', 'Kevin', 'Lobo', 'kevin.lobo@stryker.com', 'Chairman and CEO', 'C-Suite', 'Executive Leadership', 'Stryker', 'co_00aa0k66', 'United States', 'Kalamazoo', 'Michigan', 'Chairman and CEO of Stryker advancing medical technology', 'executive;medtech;CEO');
INSERT INTO contacts (id, "firstName", "lastName", email, "jobTitle", seniority, department, "companyName", "companyId", country, city, "stateProvince", bio, tags) VALUES ('ct_00f1gq4z', 'Michael', 'Mahoney', 'michael.mahoney@bsci.com', 'Chairman and CEO', 'C-Suite', 'Executive Leadership', 'Boston Scientific', 'co_00ng6ocu', 'United States', 'Marlborough', 'Massachusetts', 'Chairman and CEO of Boston Scientific pioneering medical devices', 'executive;medtech;CEO');
INSERT INTO contacts (id, "firstName", "lastName", email, "jobTitle", seniority, department, "companyName", "companyId", country, city, "stateProvince", bio, tags) VALUES ('ct_00y1uwgo', 'Mikael', 'Dolsten', 'mikael.dolsten@pfizer.com', 'Chief Scientific Officer', 'C-Suite', 'R&D', 'Pfizer', 'co_009hic82', 'United States', 'New York', 'New York', 'Leading Pfizer''s global R&D organization and scientific strategy', 'R&D;pharma;CSO');
INSERT INTO contacts (id, "firstName", "lastName", email, "jobTitle", seniority, department, "companyName", "companyId", country, city, "stateProvince", bio, tags) VALUES ('ct_005k3s8x', 'Angela', 'Hwang', 'angela.hwang@pfizer.com', 'Chief Commercial Officer', 'C-Suite', 'Commercial', 'Pfizer', 'co_009hic82', 'United States', 'New York', 'New York', 'Leading Pfizer''s global commercial operations across all therapeutic areas', 'commercial;pharma;CCO');
INSERT INTO contacts (id, "firstName", "lastName", email, "jobTitle", seniority, department, "companyName", "companyId", country, city, "stateProvince", bio, tags) VALUES ('ct_000bn726', 'David', 'Denton', 'david.denton@pfizer.com', 'CFO', 'C-Suite', 'Finance', 'Pfizer', 'co_009hic82', 'United States', 'New York', 'New York', 'Chief Financial Officer of Pfizer overseeing global financial strategy', 'finance;pharma;CFO');
INSERT INTO contacts (id, "firstName", "lastName", email, "jobTitle", seniority, department, "companyName", "companyId", country, city, "stateProvince", bio, tags) VALUES ('ct_001kcp3f', 'Tiffany', 'Olson', 'tiffany.olson@medtronic.com', 'EVP Global Operations', 'VP', 'Operations', 'Medtronic', 'co_00wf1f5h', 'Ireland', 'Dublin', NULL, 'Executive Vice President leading Medtronic''s global supply chain and operations', 'operations;medtech;SVP');
INSERT INTO contacts (id, "firstName", "lastName", email, "jobTitle", seniority, department, "companyName", "companyId", country, city, "stateProvince", bio, tags) VALUES ('ct_00s8v1ti', 'Sean', 'Salmon', 'sean.salmon@medtronic.com', 'EVP and President Cardiovascular', 'VP', 'Clinical', 'Medtronic', 'co_00wf1f5h', 'United States', 'Minneapolis', 'Minnesota', 'Leading Medtronic''s cardiovascular portfolio and clinical strategy', 'clinical;medtech;cardiac');
INSERT INTO contacts (id, "firstName", "lastName", email, "jobTitle", seniority, department, "companyName", "companyId", country, city, "stateProvince", bio, tags) VALUES ('ct_00ohnu1l', 'Rob', 'ten Hoedt', 'rob.tenhoedt@medtronic.com', 'EVP and President Neuroscience', 'VP', 'R&D', 'Medtronic', 'co_00wf1f5h', 'Ireland', 'Dublin', NULL, 'Leading Medtronic''s neuroscience division and R&D programs', 'R&D;medtech;neuroscience');
INSERT INTO contacts (id, "firstName", "lastName", email, "jobTitle", seniority, department, "companyName", "companyId", country, city, "stateProvince", bio, tags) VALUES ('ct_00qdzx65', 'Karen', 'Lynch', 'karen.lynch@iqvia.com', 'Chief Commercial Officer', 'C-Suite', 'Commercial', 'IQVIA', 'co_00y5xxuw', 'United States', 'Durham', 'North Carolina', 'Leading IQVIA''s commercial strategy and client partnerships globally', 'commercial;CRO;CCO');
INSERT INTO contacts (id, "firstName", "lastName", email, "jobTitle", seniority, department, "companyName", "companyId", country, city, "stateProvince", bio, tags) VALUES ('ct_000f3yl4', 'Prashant', 'Kohli', 'prashant.kohli@iqvia.com', 'VP of AI and Machine Learning', 'VP', 'IT/Digital', 'IQVIA', 'co_00y5xxuw', 'United States', 'Durham', 'North Carolina', 'Building AI/ML capabilities for clinical trial optimization and RWE analytics', 'AI;analytics;VP');
INSERT INTO contacts (id, "firstName", "lastName", email, "jobTitle", seniority, department, "companyName", "companyId", country, city, "stateProvince", bio, tags) VALUES ('ct_003ay5qb', 'Richard', 'Daly', 'richard.daly@iqvia.com', 'SVP Clinical Operations', 'VP', 'Clinical', 'IQVIA', 'co_00y5xxuw', 'United States', 'Durham', 'North Carolina', 'Overseeing global clinical trial operations across therapeutic areas', 'clinical;CRO;SVP');
INSERT INTO contacts (id, "firstName", "lastName", email, "jobTitle", seniority, department, "companyName", "companyId", country, city, "stateProvince", bio, tags) VALUES ('ct_00xxw23t', 'Michelle', 'Brennan', 'michelle.brennan@jnj.com', 'Chief Marketing Officer', 'C-Suite', 'Commercial', 'Johnson & Johnson', 'co_00l4pj4q', 'United States', 'New Brunswick', 'New Jersey', 'Leading Johnson & Johnson''s global marketing and brand strategy', 'commercial;pharma;CMO');
INSERT INTO contacts (id, "firstName", "lastName", email, "jobTitle", seniority, department, "companyName", "companyId", country, city, "stateProvince", bio, tags) VALUES ('ct_002emjvc', 'Raj', 'Kannan', 'raj.kannan@jnj.com', 'VP of Regulatory Affairs', 'VP', 'Regulatory', 'Johnson & Johnson', 'co_00l4pj4q', 'United States', 'New Brunswick', 'New Jersey', 'Overseeing regulatory strategy across J&J''s pharmaceutical portfolio', 'regulatory;pharma;VP');
INSERT INTO contacts (id, "firstName", "lastName", email, "jobTitle", seniority, department, "companyName", "companyId", country, city, "stateProvince", bio, tags) VALUES ('ct_00q3wsfj', 'William', 'Hait', 'william.hait@jnj.com', 'Global Head of R&D', 'C-Suite', 'R&D', 'Johnson & Johnson', 'co_00l4pj4q', 'United States', 'New Brunswick', 'New Jersey', 'Leading Johnson & Johnson''s Innovative Medicine R&D organization', 'R&D;pharma;oncology');
INSERT INTO contacts (id, "firstName", "lastName", email, "jobTitle", seniority, department, "companyName", "companyId", country, city, "stateProvince", bio, tags) VALUES ('ct_00sl991h', 'Ozlem', 'Tureci', 'ozlem.tureci@biontech.de', 'Co-Founder and CMO', 'C-Suite', 'Clinical', 'BioNTech', 'co_00ms3cqy', 'Germany', 'Mainz', NULL, 'Co-founder and Chief Medical Officer of BioNTech driving clinical development', 'clinical;biotech;CMO');
INSERT INTO contacts (id, "firstName", "lastName", email, "jobTitle", seniority, department, "companyName", "companyId", country, city, "stateProvince", bio, tags) VALUES ('ct_00y5z1uk', 'Ugur', 'Sahin', 'ugur.sahin@biontech.de', 'Co-Founder and CEO', 'C-Suite', 'Executive Leadership', 'BioNTech', 'co_00ms3cqy', 'Germany', 'Mainz', NULL, 'Co-founder and CEO of BioNTech pioneering mRNA immunotherapies', 'executive;biotech;CEO');
INSERT INTO contacts (id, "firstName", "lastName", email, "jobTitle", seniority, department, "companyName", "companyId", country, city, "stateProvince", bio, tags) VALUES ('ct_00gxd6mz', 'Ryan', 'Richardson', 'ryan.richardson@modernatx.com', 'VP of Platform Development', 'VP', 'R&D', 'Moderna', 'co_00twk25o', 'United States', 'Cambridge', 'Massachusetts', 'Leading mRNA platform development and next-generation delivery systems', 'R&D;biotech;mRNA');
INSERT INTO contacts (id, "firstName", "lastName", email, "jobTitle", seniority, department, "companyName", "companyId", country, city, "stateProvince", bio, tags) VALUES ('ct_00sj4rdq', 'Andrea', 'Carfi', 'andrea.carfi@modernatx.com', 'Chief Scientific Officer', 'C-Suite', 'R&D', 'Moderna', 'co_00twk25o', 'United States', 'Cambridge', 'Massachusetts', 'Chief Scientific Officer driving Moderna''s research strategy across infectious disease and oncology', 'R&D;biotech;CSO');
INSERT INTO contacts (id, "firstName", "lastName", email, "jobTitle", seniority, department, "companyName", "companyId", country, city, "stateProvince", bio, tags) VALUES ('ct_00308qcw', 'Jamey', 'Mock', 'jamey.mock@modernatx.com', 'CFO', 'C-Suite', 'Finance', 'Moderna', 'co_00twk25o', 'United States', 'Cambridge', 'Massachusetts', 'Chief Financial Officer of Moderna overseeing financial strategy and capital allocation', 'finance;biotech;CFO');
INSERT INTO contacts (id, "firstName", "lastName", email, "jobTitle", seniority, department, "companyName", "companyId", country, city, "stateProvince", bio, tags) VALUES ('ct_0074jxqy', 'Sophie', 'Laurent', 'sophie.laurent@roche.com', 'VP Clinical Development', 'VP', 'Clinical', 'Roche', 'co_00y11gln', 'Switzerland', 'Basel', NULL, 'Leading clinical development programs across oncology and neuroscience', 'clinical;pharma;VP');
INSERT INTO contacts (id, "firstName", "lastName", email, "jobTitle", seniority, department, "companyName", "companyId", country, city, "stateProvince", bio, tags) VALUES ('ct_00u2kuu3', 'Hans', 'Clevers', 'hans.clevers@roche.com', 'Head of Research', 'C-Suite', 'R&D', 'Roche', 'co_00y11gln', 'Switzerland', 'Basel', NULL, 'Leading Roche''s pharmaceutical research and early pipeline strategy', 'R&D;pharma;research');
INSERT INTO contacts (id, "firstName", "lastName", email, "jobTitle", seniority, department, "companyName", "companyId", country, city, "stateProvince", bio, tags) VALUES ('ct_00ex22de', 'James', 'Sabry', 'james.sabry@roche.com', 'Global Head of Partnering', 'VP', 'Strategy', 'Roche', 'co_00y11gln', 'Switzerland', 'Basel', NULL, 'Overseeing Roche''s global business development and strategic partnerships', 'strategy;pharma;partnerships');
INSERT INTO contacts (id, "firstName", "lastName", email, "jobTitle", seniority, department, "companyName", "companyId", country, city, "stateProvince", bio, tags) VALUES ('ct_00hddzrl', 'Shreeram', 'Aradhye', 'shreeram.aradhye@novartis.com', 'President of Development', 'C-Suite', 'R&D', 'Novartis', 'co_00xnfhba', 'Switzerland', 'Basel', NULL, 'Leading Novartis'' global drug development organization', 'R&D;pharma;development');
INSERT INTO contacts (id, "firstName", "lastName", email, "jobTitle", seniority, department, "companyName", "companyId", country, city, "stateProvince", bio, tags) VALUES ('ct_00x5bp3y', 'Karen', 'Bhatt', 'karen.bhatt@novartis.com', 'Chief Ethics Risk and Compliance Officer', 'VP', 'Regulatory', 'Novartis', 'co_00xnfhba', 'Switzerland', 'Basel', NULL, 'Overseeing compliance and regulatory risk at Novartis', 'regulatory;pharma;compliance');
INSERT INTO contacts (id, "firstName", "lastName", email, "jobTitle", seniority, department, "companyName", "companyId", country, city, "stateProvince", bio, tags) VALUES ('ct_00vl9on2', 'Pam', 'Cheng', 'pam.cheng@astrazeneca.com', 'EVP Global Operations', 'VP', 'Operations', 'AstraZeneca', 'co_0014k1i5', 'United Kingdom', 'Cambridge', NULL, 'Executive VP leading AstraZeneca''s global supply chain and manufacturing', 'operations;pharma;supply-chain');
INSERT INTO contacts (id, "firstName", "lastName", email, "jobTitle", seniority, department, "companyName", "companyId", country, city, "stateProvince", bio, tags) VALUES ('ct_003slnav', 'Susan', 'Galbraith', 'susan.galbraith@astrazeneca.com', 'EVP Oncology R&D', 'VP', 'R&D', 'AstraZeneca', 'co_0014k1i5', 'United Kingdom', 'Cambridge', NULL, 'Leading AstraZeneca''s oncology R&D including immunotherapy and ADC programs', 'R&D;pharma;oncology');
INSERT INTO contacts (id, "firstName", "lastName", email, "jobTitle", seniority, department, "companyName", "companyId", country, city, "stateProvince", bio, tags) VALUES ('ct_00529o3g', 'James', 'Chen', 'james.chen@tempus.com', 'VP of Engineering', 'VP', 'IT/Digital', 'Tempus AI', 'co_00ogfpqg', 'United States', 'Chicago', 'Illinois', 'Leading engineering teams building AI-powered precision medicine platform', 'AI;engineering;VP');
INSERT INTO contacts (id, "firstName", "lastName", email, "jobTitle", seniority, department, "companyName", "companyId", country, city, "stateProvince", bio, tags) VALUES ('ct_00cshjvm', 'Denise', 'Monteleone', 'denise.monteleone@tempus.com', 'Chief Data Scientist', 'C-Suite', 'IT/Digital', 'Tempus AI', 'co_00ogfpqg', 'United States', 'Chicago', 'Illinois', 'Leading data science and machine learning initiatives for clinical genomics', 'data-science;AI;CDO');
INSERT INTO contacts (id, "firstName", "lastName", email, "jobTitle", seniority, department, "companyName", "companyId", country, city, "stateProvince", bio, tags) VALUES ('ct_008tzhpt', 'Kevin', 'Conroy', 'kevin.conroy@exactsciences.com', 'Chairman and CEO', 'C-Suite', 'Executive Leadership', 'Exact Sciences', 'co_00bkqqhu', 'United States', 'Madison', 'Wisconsin', 'Chairman and CEO of Exact Sciences pioneering cancer screening technology', 'executive;diagnostics;CEO');
INSERT INTO contacts (id, "firstName", "lastName", email, "jobTitle", seniority, department, "companyName", "companyId", country, city, "stateProvince", bio, tags) VALUES ('ct_007dsfp2', 'Peter', 'Gassner', 'peter.gassner@veeva.com', 'Founder and CEO', 'C-Suite', 'Executive Leadership', 'Veeva Systems', 'co_00vli3w7', 'United States', 'Pleasanton', 'California', 'Founder and CEO of Veeva Systems building cloud solutions for life sciences', 'executive;cloud;CEO');
INSERT INTO contacts (id, "firstName", "lastName", email, "jobTitle", seniority, department, "companyName", "companyId", country, city, "stateProvince", bio, tags) VALUES ('ct_001xvsiq', 'Tom', 'Vandervort', 'tom.vandervort@veeva.com', 'SVP of Commercial Strategy', 'VP', 'Commercial', 'Veeva Systems', 'co_00vli3w7', 'United States', 'Pleasanton', 'California', 'Leading commercial CRM and data solutions for pharma clients', 'commercial;cloud;SVP');
INSERT INTO contacts (id, "firstName", "lastName", email, "jobTitle", seniority, department, "companyName", "companyId", country, city, "stateProvince", bio, tags) VALUES ('ct_00duz8b2', 'Francis', 'deSouza', 'francis.desouza@illumina.com', 'CEO', 'C-Suite', 'Executive Leadership', 'Illumina', 'co_00gv7drr', 'United States', 'San Diego', 'California', 'CEO of Illumina driving genomic sequencing technology forward', 'executive;genomics;CEO');
INSERT INTO contacts (id, "firstName", "lastName", email, "jobTitle", seniority, department, "companyName", "companyId", country, city, "stateProvince", bio, tags) VALUES ('ct_00ki27uy', 'Alex', 'Aravanis', 'alex.aravanis@illumina.com', 'Chief Technology Officer', 'C-Suite', 'IT/Digital', 'Illumina', 'co_00gv7drr', 'United States', 'San Diego', 'California', 'CTO of Illumina leading next-generation sequencing technology development', 'technology;genomics;CTO');
INSERT INTO contacts (id, "firstName", "lastName", email, "jobTitle", seniority, department, "companyName", "companyId", country, city, "stateProvince", bio, tags) VALUES ('ct_00ipxno4', 'John', 'Chiminski', 'john.chiminski@catalent.com', 'Chairman and CEO', 'C-Suite', 'Executive Leadership', 'Catalent', 'co_007dlamw', 'United States', 'Somerset', 'New Jersey', 'Chairman and CEO of Catalent advancing drug delivery and biologics manufacturing', 'executive;CDMO;CEO');
INSERT INTO contacts (id, "firstName", "lastName", email, "jobTitle", seniority, department, "companyName", "companyId", country, city, "stateProvince", bio, tags) VALUES ('ct_00i6m83p', 'Alessandro', 'Maselli', 'alessandro.maselli@catalent.com', 'President of Biologics', 'VP', 'Operations', 'Catalent', 'co_007dlamw', 'United States', 'Somerset', 'New Jersey', 'President of Catalent''s biologics division overseeing biomanufacturing', 'operations;CDMO;biologics');
INSERT INTO contacts (id, "firstName", "lastName", email, "jobTitle", seniority, department, "companyName", "companyId", country, city, "stateProvince", bio, tags) VALUES ('ct_00rjnj6x', 'Mario', 'Schlosser', 'mario.schlosser@hioscar.com', 'Co-Founder and CEO', 'C-Suite', 'Executive Leadership', 'Oscar Health', 'co_00cs19ay', 'United States', 'New York', 'New York', 'Co-founder and CEO of Oscar Health transforming health insurance with technology', 'executive;insurtech;CEO');

-- DEALS
INSERT INTO deals (id, title, "dealType", "dealStage", "dealValueUsd", "announcedDate", "closedDate", "acquirerCompanyId", "targetCompanyId", description, tags) VALUES ('dl_00543g5y', 'Pfizer Acquires Seagen', 'M&A (Acquisition)', 'Completed', 43000000000, '2023-03-13T00:00:00.000Z', '2023-12-14T00:00:00.000Z', NULL, NULL, 'Pfizer''s acquisition of Seagen to bolster oncology pipeline', 'oncology;M&A;mega-deal');
INSERT INTO deals (id, title, "dealType", "dealStage", "dealValueUsd", "announcedDate", "closedDate", "acquirerCompanyId", "targetCompanyId", description, tags) VALUES ('dl_00krmtin', 'Johnson & Johnson MedTech Spinoff', 'Asset Sale / Divestiture', 'Completed', 40000000000, '2021-11-12T00:00:00.000Z', '2023-05-04T00:00:00.000Z', NULL, 'co_00l4pj4q', 'J&J separation of consumer health business into Kenvue', 'spinoff;consumer-health');
INSERT INTO deals (id, title, "dealType", "dealStage", "dealValueUsd", "announcedDate", "closedDate", "acquirerCompanyId", "targetCompanyId", description, tags) VALUES ('dl_00x2vaw8', 'AstraZeneca Acquires Alexion', 'M&A (Acquisition)', 'Completed', 39000000000, '2020-12-12T00:00:00.000Z', '2021-07-21T00:00:00.000Z', 'co_0014k1i5', NULL, 'AstraZeneca acquisition of Alexion Pharmaceuticals for rare disease portfolio', 'rare-disease;M&A');
INSERT INTO deals (id, title, "dealType", "dealStage", "dealValueUsd", "announcedDate", "closedDate", "acquirerCompanyId", "targetCompanyId", description, tags) VALUES ('dl_00wupl1i', 'Moderna Series B Funding', 'Venture Capital (Series B)', 'Completed', 500000000, '2018-01-01T00:00:00.000Z', NULL, NULL, 'co_00twk25o', 'Early-stage funding round for Moderna''s mRNA platform', 'mRNA;venture-capital');
INSERT INTO deals (id, title, "dealType", "dealStage", "dealValueUsd", "announcedDate", "closedDate", "acquirerCompanyId", "targetCompanyId", description, tags) VALUES ('dl_003z8fln', 'IQVIA Formation', 'M&A (Merger)', 'Completed', 13000000000, '2016-05-03T00:00:00.000Z', '2016-10-03T00:00:00.000Z', NULL, 'co_00y5xxuw', 'Merger of Quintiles and IMS Health forming IQVIA', 'CRO;analytics;merger');
INSERT INTO deals (id, title, "dealType", "dealStage", "dealValueUsd", "announcedDate", "closedDate", "acquirerCompanyId", "targetCompanyId", description, tags) VALUES ('dl_00kchxd8', 'Tempus AI IPO', 'IPO', 'Completed', 6000000000, '2024-06-14T00:00:00.000Z', NULL, NULL, 'co_00ogfpqg', 'Tempus AI initial public offering on NASDAQ', 'AI;IPO;precision-medicine');
INSERT INTO deals (id, title, "dealType", "dealStage", "dealValueUsd", "announcedDate", "closedDate", "acquirerCompanyId", "targetCompanyId", description, tags) VALUES ('dl_00pfyob2', 'Illumina Grail Divestiture', 'Asset Sale / Divestiture', 'Completed', 7100000000, '2023-06-29T00:00:00.000Z', '2024-06-24T00:00:00.000Z', NULL, 'co_00gv7drr', 'Illumina required to divest Grail after antitrust ruling', 'diagnostics;antitrust;divestiture');
INSERT INTO deals (id, title, "dealType", "dealStage", "dealValueUsd", "announcedDate", "closedDate", "acquirerCompanyId", "targetCompanyId", description, tags) VALUES ('dl_00mpapl2', 'Catalent PE Acquisition', 'Private Equity (Buyout)', 'Completed', 17500000000, '2023-02-05T00:00:00.000Z', '2024-02-14T00:00:00.000Z', NULL, 'co_007dlamw', 'Novo Holdings acquisition of Catalent CDMO business', 'CDMO;private-equity');
INSERT INTO deals (id, title, "dealType", "dealStage", "dealValueUsd", "announcedDate", "closedDate", "acquirerCompanyId", "targetCompanyId", description, tags) VALUES ('dl_00txjb3d', 'Oscar Health Growth Round', 'Venture Capital (Series C+)', 'Completed', 1400000000, '2021-03-01T00:00:00.000Z', NULL, NULL, 'co_00cs19ay', 'Oscar Health funding round ahead of IPO', 'insurtech;health-insurance');
INSERT INTO deals (id, title, "dealType", "dealStage", "dealValueUsd", "announcedDate", "closedDate", "acquirerCompanyId", "targetCompanyId", description, tags) VALUES ('dl_00q0ybpy', 'BioNTech Oncology Partnership', 'Licensing / Partnership', 'Announced', 1000000000, '2024-10-01T00:00:00.000Z', NULL, 'co_00ms3cqy', NULL, 'Strategic oncology licensing partnership for next-gen immunotherapies', 'oncology;licensing;immunotherapy');
INSERT INTO deals (id, title, "dealType", "dealStage", "dealValueUsd", "announcedDate", "closedDate", "acquirerCompanyId", "targetCompanyId", description, tags) VALUES ('dl_007vmx2l', 'Eli Lilly Acquires Morphic', 'M&A (Acquisition)', 'Completed', 3200000000, '2024-07-08T00:00:00.000Z', '2024-09-03T00:00:00.000Z', 'co_009mb26o', NULL, 'Eli Lilly acquisition of Morphic Holding for oral integrin therapies', 'immunology;M&A;autoimmune');
INSERT INTO deals (id, title, "dealType", "dealStage", "dealValueUsd", "announcedDate", "closedDate", "acquirerCompanyId", "targetCompanyId", description, tags) VALUES ('dl_00y9zkqp', 'Amgen Acquires Horizon Therapeutics', 'M&A (Acquisition)', 'Completed', 28000000000, '2022-12-12T00:00:00.000Z', '2023-10-06T00:00:00.000Z', 'co_00yaf5re', NULL, 'Amgen acquisition of Horizon Therapeutics for rare disease portfolio', 'rare-disease;M&A;mega-deal');
INSERT INTO deals (id, title, "dealType", "dealStage", "dealValueUsd", "announcedDate", "closedDate", "acquirerCompanyId", "targetCompanyId", description, tags) VALUES ('dl_00ee9za3', 'Merck Acquires Prometheus Bio', 'M&A (Acquisition)', 'Completed', 10800000000, '2023-04-16T00:00:00.000Z', '2023-06-16T00:00:00.000Z', 'co_00y3yifg', NULL, 'Merck acquisition of Prometheus Biosciences for autoimmune pipeline', 'autoimmune;M&A');
INSERT INTO deals (id, title, "dealType", "dealStage", "dealValueUsd", "announcedDate", "closedDate", "acquirerCompanyId", "targetCompanyId", description, tags) VALUES ('dl_00htstz7', 'Gilead Acquires CymaBay', 'M&A (Acquisition)', 'Completed', 4300000000, '2024-02-12T00:00:00.000Z', '2024-03-14T00:00:00.000Z', 'co_00gfu319', NULL, 'Gilead acquisition of CymaBay for liver disease portfolio', 'liver-disease;M&A');
INSERT INTO deals (id, title, "dealType", "dealStage", "dealValueUsd", "announcedDate", "closedDate", "acquirerCompanyId", "targetCompanyId", description, tags) VALUES ('dl_00dkynq3', 'Sanofi Acquires Inhibrx', 'M&A (Acquisition)', 'Completed', 2200000000, '2024-01-08T00:00:00.000Z', '2024-05-29T00:00:00.000Z', 'co_00atz78g', NULL, 'Sanofi acquisition of Inhibrx bispecific antibody platform', 'oncology;M&A;bispecific');
INSERT INTO deals (id, title, "dealType", "dealStage", "dealValueUsd", "announcedDate", "closedDate", "acquirerCompanyId", "targetCompanyId", description, tags) VALUES ('dl_009o63cf', 'Boston Scientific Acquires Silk Road Medical', 'M&A (Acquisition)', 'Completed', 1160000000, '2024-03-01T00:00:00.000Z', '2024-06-03T00:00:00.000Z', 'co_00ng6ocu', NULL, 'Boston Scientific acquisition of Silk Road Medical for vascular surgery', 'medtech;M&A;vascular');
INSERT INTO deals (id, title, "dealType", "dealStage", "dealValueUsd", "announcedDate", "closedDate", "acquirerCompanyId", "targetCompanyId", description, tags) VALUES ('dl_00fr3vwr', 'Stryker Acquires Vocera', 'M&A (Acquisition)', 'Completed', 3090000000, '2022-01-06T00:00:00.000Z', '2022-02-24T00:00:00.000Z', 'co_00aa0k66', NULL, 'Stryker acquisition of Vocera Communications for digital healthcare', 'medtech;digital-health;M&A');
INSERT INTO deals (id, title, "dealType", "dealStage", "dealValueUsd", "announcedDate", "closedDate", "acquirerCompanyId", "targetCompanyId", description, tags) VALUES ('dl_00q6fi1k', 'Danaher Acquires Abcam', 'M&A (Acquisition)', 'Completed', 5700000000, '2023-08-11T00:00:00.000Z', '2023-12-12T00:00:00.000Z', 'co_00qf41d5', NULL, 'Danaher acquisition of Abcam for life science reagents and tools', 'life-sciences;M&A;reagents');
INSERT INTO deals (id, title, "dealType", "dealStage", "dealValueUsd", "announcedDate", "closedDate", "acquirerCompanyId", "targetCompanyId", description, tags) VALUES ('dl_00tb83pv', 'Abbott CGM Partnership', 'Licensing / Partnership', 'Announced', 800000000, '2024-11-01T00:00:00.000Z', NULL, NULL, 'co_002bi58c', 'Abbott strategic partnership for next-generation continuous glucose monitoring', 'diabetes;medtech;partnership');

-- DEAL INVESTORS
INSERT INTO deal_investors (id, "dealId", "investorCompanyName", "investorCompanyId", "investorRole", "investmentAmountUsd") VALUES ('di_00ikgajw', 'dl_00wupl1i', 'Pfizer', 'co_009hic82', 'Participant', NULL);
INSERT INTO deal_investors (id, "dealId", "investorCompanyName", "investorCompanyId", "investorRole", "investmentAmountUsd") VALUES ('di_001z5yj6', 'dl_00txjb3d', 'Johnson & Johnson', 'co_00l4pj4q', 'Co-Lead', 200000000);
INSERT INTO deal_investors (id, "dealId", "investorCompanyName", "investorCompanyId", "investorRole", "investmentAmountUsd") VALUES ('di_00603k7j', 'dl_00kchxd8', 'Illumina', 'co_00gv7drr', 'Participant', NULL);
INSERT INTO deal_investors (id, "dealId", "investorCompanyName", "investorCompanyId", "investorRole", "investmentAmountUsd") VALUES ('di_00xxp97g', 'dl_00q0ybpy', 'Roche', 'co_00y11gln', 'Lead', 500000000);
INSERT INTO deal_investors (id, "dealId", "investorCompanyName", "investorCompanyId", "investorRole", "investmentAmountUsd") VALUES ('di_00book92', 'dl_00mpapl2', 'Novartis', 'co_00xnfhba', 'Participant', NULL);
INSERT INTO deal_investors (id, "dealId", "investorCompanyName", "investorCompanyId", "investorRole", "investmentAmountUsd") VALUES ('di_007pgz76', 'dl_00y9zkqp', 'Amgen', 'co_00yaf5re', 'Lead', 28000000000);
INSERT INTO deal_investors (id, "dealId", "investorCompanyName", "investorCompanyId", "investorRole", "investmentAmountUsd") VALUES ('di_00vqjo15', 'dl_00ee9za3', 'Merck', 'co_00y3yifg', 'Lead', 10800000000);
INSERT INTO deal_investors (id, "dealId", "investorCompanyName", "investorCompanyId", "investorRole", "investmentAmountUsd") VALUES ('di_0098armp', 'dl_00htstz7', 'Gilead Sciences', 'co_00gfu319', 'Lead', 4300000000);
INSERT INTO deal_investors (id, "dealId", "investorCompanyName", "investorCompanyId", "investorRole", "investmentAmountUsd") VALUES ('di_00mn0thr', 'dl_00dkynq3', 'Sanofi', 'co_00atz78g', 'Lead', 2200000000);
INSERT INTO deal_investors (id, "dealId", "investorCompanyName", "investorCompanyId", "investorRole", "investmentAmountUsd") VALUES ('di_00ukngrt', 'dl_009o63cf', 'Boston Scientific', 'co_00ng6ocu', 'Lead', 1160000000);
INSERT INTO deal_investors (id, "dealId", "investorCompanyName", "investorCompanyId", "investorRole", "investmentAmountUsd") VALUES ('di_00kuzxs8', 'dl_00fr3vwr', 'Stryker', 'co_00aa0k66', 'Lead', 3090000000);
INSERT INTO deal_investors (id, "dealId", "investorCompanyName", "investorCompanyId", "investorRole", "investmentAmountUsd") VALUES ('di_003ajjth', 'dl_00q6fi1k', 'Danaher', 'co_00qf41d5', 'Lead', 5700000000);
INSERT INTO deal_investors (id, "dealId", "investorCompanyName", "investorCompanyId", "investorRole", "investmentAmountUsd") VALUES ('di_00y9cbii', 'dl_007vmx2l', 'Eli Lilly', 'co_009mb26o', 'Lead', 3200000000);

-- COMPANY VERTICALS
INSERT INTO company_verticals (id, "companyId", "verticalSlug", "isPrimary") VALUES ('cv_00pt91v9', 'co_009hic82', 'pharmaceuticals', true);
INSERT INTO company_verticals (id, "companyId", "verticalSlug", "isPrimary") VALUES ('cv_00zge0gp', 'co_009hic82', 'vaccines', false);
INSERT INTO company_verticals (id, "companyId", "verticalSlug", "isPrimary") VALUES ('cv_004tigjh', 'co_00l4pj4q', 'pharmaceuticals', true);
INSERT INTO company_verticals (id, "companyId", "verticalSlug", "isPrimary") VALUES ('cv_00ctfd4c', 'co_00l4pj4q', 'medical-devices', false);
INSERT INTO company_verticals (id, "companyId", "verticalSlug", "isPrimary") VALUES ('cv_00fkk9kc', 'co_00y11gln', 'pharmaceuticals', true);
INSERT INTO company_verticals (id, "companyId", "verticalSlug", "isPrimary") VALUES ('cv_004t4z0w', 'co_00y11gln', 'diagnostics', false);
INSERT INTO company_verticals (id, "companyId", "verticalSlug", "isPrimary") VALUES ('cv_00k4r5hr', 'co_00xnfhba', 'pharmaceuticals', true);
INSERT INTO company_verticals (id, "companyId", "verticalSlug", "isPrimary") VALUES ('cv_00opr9t2', 'co_0014k1i5', 'pharmaceuticals', true);
INSERT INTO company_verticals (id, "companyId", "verticalSlug", "isPrimary") VALUES ('cv_00gjkcex', 'co_00twk25o', 'biotechnology', true);
INSERT INTO company_verticals (id, "companyId", "verticalSlug", "isPrimary") VALUES ('cv_00h1r5on', 'co_00twk25o', 'vaccines', false);
INSERT INTO company_verticals (id, "companyId", "verticalSlug", "isPrimary") VALUES ('cv_006hk7bv', 'co_00wf1f5h', 'medical-devices', true);
INSERT INTO company_verticals (id, "companyId", "verticalSlug", "isPrimary") VALUES ('cv_002hoxq6', 'co_00msez0o', 'digital-health', true);
INSERT INTO company_verticals (id, "companyId", "verticalSlug", "isPrimary") VALUES ('cv_003h4y7e', 'co_00y5xxuw', 'clinical-research', true);
INSERT INTO company_verticals (id, "companyId", "verticalSlug", "isPrimary") VALUES ('cv_00gdr6fb', 'co_00y5xxuw', 'analytics', false);
INSERT INTO company_verticals (id, "companyId", "verticalSlug", "isPrimary") VALUES ('cv_00g0qc00', 'co_00ogfpqg', 'digital-health', true);
INSERT INTO company_verticals (id, "companyId", "verticalSlug", "isPrimary") VALUES ('cv_00m95m9v', 'co_00ogfpqg', 'diagnostics', false);
INSERT INTO company_verticals (id, "companyId", "verticalSlug", "isPrimary") VALUES ('cv_003u7wul', 'co_00gv7drr', 'genomics', true);
INSERT INTO company_verticals (id, "companyId", "verticalSlug", "isPrimary") VALUES ('cv_00nkjfum', 'co_00vli3w7', 'health-it', true);
INSERT INTO company_verticals (id, "companyId", "verticalSlug", "isPrimary") VALUES ('cv_00jxcvyp', 'co_00ms3cqy', 'biotechnology', true);
INSERT INTO company_verticals (id, "companyId", "verticalSlug", "isPrimary") VALUES ('cv_00gjtj3t', 'co_00ms3cqy', 'immunotherapy', false);
INSERT INTO company_verticals (id, "companyId", "verticalSlug", "isPrimary") VALUES ('cv_00rcjsuk', 'co_007dlamw', 'cdmo', true);
INSERT INTO company_verticals (id, "companyId", "verticalSlug", "isPrimary") VALUES ('cv_00v0odp8', 'co_00cs19ay', 'health-insurance', true);
INSERT INTO company_verticals (id, "companyId", "verticalSlug", "isPrimary") VALUES ('cv_003fwtyh', 'co_00yaf5re', 'biotechnology', true);
INSERT INTO company_verticals (id, "companyId", "verticalSlug", "isPrimary") VALUES ('cv_001ipomr', 'co_00yaf5re', 'biosimilars', false);
INSERT INTO company_verticals (id, "companyId", "verticalSlug", "isPrimary") VALUES ('cv_003ctlue', 'co_00gfu319', 'biotechnology', true);
INSERT INTO company_verticals (id, "companyId", "verticalSlug", "isPrimary") VALUES ('cv_005fy3jy', 'co_00gfu319', 'antiviral', false);
INSERT INTO company_verticals (id, "companyId", "verticalSlug", "isPrimary") VALUES ('cv_00mqktbi', 'co_00959l6t', 'biotechnology', true);
INSERT INTO company_verticals (id, "companyId", "verticalSlug", "isPrimary") VALUES ('cv_00a123oc', 'co_00959l6t', 'antibodies', false);
INSERT INTO company_verticals (id, "companyId", "verticalSlug", "isPrimary") VALUES ('cv_00f73d09', 'co_009mb26o', 'pharmaceuticals', true);
INSERT INTO company_verticals (id, "companyId", "verticalSlug", "isPrimary") VALUES ('cv_00o644x2', 'co_009mb26o', 'diabetes', false);
INSERT INTO company_verticals (id, "companyId", "verticalSlug", "isPrimary") VALUES ('cv_00w3tnat', 'co_00y3yifg', 'pharmaceuticals', true);
INSERT INTO company_verticals (id, "companyId", "verticalSlug", "isPrimary") VALUES ('cv_00gm38vb', 'co_00y3yifg', 'vaccines', false);
INSERT INTO company_verticals (id, "companyId", "verticalSlug", "isPrimary") VALUES ('cv_00439p1l', 'co_00atz78g', 'pharmaceuticals', true);
INSERT INTO company_verticals (id, "companyId", "verticalSlug", "isPrimary") VALUES ('cv_001ah99l', 'co_00atz78g', 'vaccines', false);
INSERT INTO company_verticals (id, "companyId", "verticalSlug", "isPrimary") VALUES ('cv_002jtgbs', 'co_00mfj2mn', 'pharmaceuticals', true);
INSERT INTO company_verticals (id, "companyId", "verticalSlug", "isPrimary") VALUES ('cv_00hxk3py', 'co_00mfj2mn', 'vaccines', false);
INSERT INTO company_verticals (id, "companyId", "verticalSlug", "isPrimary") VALUES ('cv_00wkot1s', 'co_00ya2nnr', 'pharmaceuticals', true);
INSERT INTO company_verticals (id, "companyId", "verticalSlug", "isPrimary") VALUES ('cv_00c4wms9', 'co_00ya2nnr', 'crop-science', false);
INSERT INTO company_verticals (id, "companyId", "verticalSlug", "isPrimary") VALUES ('cv_00ni60qa', 'co_00qf41d5', 'diagnostics', true);
INSERT INTO company_verticals (id, "companyId", "verticalSlug", "isPrimary") VALUES ('cv_003enh7m', 'co_00qf41d5', 'life-sciences', false);
INSERT INTO company_verticals (id, "companyId", "verticalSlug", "isPrimary") VALUES ('cv_00m5wiy4', 'co_002bi58c', 'medical-devices', true);
INSERT INTO company_verticals (id, "companyId", "verticalSlug", "isPrimary") VALUES ('cv_00w3ytmx', 'co_002bi58c', 'diagnostics', false);
INSERT INTO company_verticals (id, "companyId", "verticalSlug", "isPrimary") VALUES ('cv_00207dso', 'co_00aa0k66', 'medical-devices', true);
INSERT INTO company_verticals (id, "companyId", "verticalSlug", "isPrimary") VALUES ('cv_00n7hiqc', 'co_00ng6ocu', 'medical-devices', true);
INSERT INTO company_verticals (id, "companyId", "verticalSlug", "isPrimary") VALUES ('cv_0096zo6j', 'co_00bkqqhu', 'diagnostics', true);
INSERT INTO company_verticals (id, "companyId", "verticalSlug", "isPrimary") VALUES ('cv_00qopyw1', 'co_007ppbjh', 'clinical-research', true);

-- COMPANY THERAPEUTIC AREAS
INSERT INTO company_therapeutic_areas (id, "companyId", "therapeuticArea") VALUES ('ta_00e8ef41', 'co_009hic82', 'Oncology');
INSERT INTO company_therapeutic_areas (id, "companyId", "therapeuticArea") VALUES ('ta_00ozykrj', 'co_009hic82', 'Vaccines');
INSERT INTO company_therapeutic_areas (id, "companyId", "therapeuticArea") VALUES ('ta_00qf4bzz', 'co_009hic82', 'Rare Disease');
INSERT INTO company_therapeutic_areas (id, "companyId", "therapeuticArea") VALUES ('ta_00u9ky7x', 'co_009hic82', 'Immunology');
INSERT INTO company_therapeutic_areas (id, "companyId", "therapeuticArea") VALUES ('ta_00jo5imx', 'co_00l4pj4q', 'Oncology');
INSERT INTO company_therapeutic_areas (id, "companyId", "therapeuticArea") VALUES ('ta_003uuq3k', 'co_00l4pj4q', 'Cardiovascular');
INSERT INTO company_therapeutic_areas (id, "companyId", "therapeuticArea") VALUES ('ta_00pwmm9c', 'co_00l4pj4q', 'Neuroscience');
INSERT INTO company_therapeutic_areas (id, "companyId", "therapeuticArea") VALUES ('ta_00hhw1my', 'co_00y11gln', 'Oncology');
INSERT INTO company_therapeutic_areas (id, "companyId", "therapeuticArea") VALUES ('ta_002hh5y9', 'co_00y11gln', 'Neuroscience');
INSERT INTO company_therapeutic_areas (id, "companyId", "therapeuticArea") VALUES ('ta_003xm4br', 'co_00y11gln', 'Ophthalmology');
INSERT INTO company_therapeutic_areas (id, "companyId", "therapeuticArea") VALUES ('ta_00xbamv9', 'co_00xnfhba', 'Oncology');
INSERT INTO company_therapeutic_areas (id, "companyId", "therapeuticArea") VALUES ('ta_00q79ow2', 'co_00xnfhba', 'Cardiovascular');
INSERT INTO company_therapeutic_areas (id, "companyId", "therapeuticArea") VALUES ('ta_00jyo261', 'co_00xnfhba', 'Immunology');
INSERT INTO company_therapeutic_areas (id, "companyId", "therapeuticArea") VALUES ('ta_00r1jxr8', 'co_0014k1i5', 'Oncology');
INSERT INTO company_therapeutic_areas (id, "companyId", "therapeuticArea") VALUES ('ta_00qh8t2e', 'co_0014k1i5', 'Respiratory');
INSERT INTO company_therapeutic_areas (id, "companyId", "therapeuticArea") VALUES ('ta_00vgfjs2', 'co_0014k1i5', 'Rare Disease');
INSERT INTO company_therapeutic_areas (id, "companyId", "therapeuticArea") VALUES ('ta_00ln8mbu', 'co_00twk25o', 'Infectious Disease');
INSERT INTO company_therapeutic_areas (id, "companyId", "therapeuticArea") VALUES ('ta_0036yfv9', 'co_00twk25o', 'Oncology');
INSERT INTO company_therapeutic_areas (id, "companyId", "therapeuticArea") VALUES ('ta_00vuupar', 'co_00twk25o', 'Rare Disease');
INSERT INTO company_therapeutic_areas (id, "companyId", "therapeuticArea") VALUES ('ta_002hwes7', 'co_00ms3cqy', 'Oncology');
INSERT INTO company_therapeutic_areas (id, "companyId", "therapeuticArea") VALUES ('ta_00w9bae6', 'co_00ms3cqy', 'Infectious Disease');
INSERT INTO company_therapeutic_areas (id, "companyId", "therapeuticArea") VALUES ('ta_00d6ql75', 'co_00wf1f5h', 'Cardiovascular');
INSERT INTO company_therapeutic_areas (id, "companyId", "therapeuticArea") VALUES ('ta_00pqzd5r', 'co_00wf1f5h', 'Neuroscience');
INSERT INTO company_therapeutic_areas (id, "companyId", "therapeuticArea") VALUES ('ta_003mx5rr', 'co_00ogfpqg', 'Oncology');
INSERT INTO company_therapeutic_areas (id, "companyId", "therapeuticArea") VALUES ('ta_005k2k2h', 'co_00ogfpqg', 'Neurology');
INSERT INTO company_therapeutic_areas (id, "companyId", "therapeuticArea") VALUES ('ta_00r1gplk', 'co_00gv7drr', 'Oncology');
INSERT INTO company_therapeutic_areas (id, "companyId", "therapeuticArea") VALUES ('ta_00c29umy', 'co_00gv7drr', 'Rare Disease');
INSERT INTO company_therapeutic_areas (id, "companyId", "therapeuticArea") VALUES ('ta_00xay5t5', 'co_00yaf5re', 'Oncology');
INSERT INTO company_therapeutic_areas (id, "companyId", "therapeuticArea") VALUES ('ta_00s7d8nk', 'co_00yaf5re', 'Cardiovascular');
INSERT INTO company_therapeutic_areas (id, "companyId", "therapeuticArea") VALUES ('ta_0072aq9r', 'co_00yaf5re', 'Bone Health');
INSERT INTO company_therapeutic_areas (id, "companyId", "therapeuticArea") VALUES ('ta_00538mwb', 'co_00gfu319', 'HIV/AIDS');
INSERT INTO company_therapeutic_areas (id, "companyId", "therapeuticArea") VALUES ('ta_00m2sye4', 'co_00gfu319', 'Oncology');
INSERT INTO company_therapeutic_areas (id, "companyId", "therapeuticArea") VALUES ('ta_00b4omde', 'co_00gfu319', 'Liver Disease');
INSERT INTO company_therapeutic_areas (id, "companyId", "therapeuticArea") VALUES ('ta_00fg5wkf', 'co_00959l6t', 'Ophthalmology');
INSERT INTO company_therapeutic_areas (id, "companyId", "therapeuticArea") VALUES ('ta_00ymk0ec', 'co_00959l6t', 'Oncology');
INSERT INTO company_therapeutic_areas (id, "companyId", "therapeuticArea") VALUES ('ta_00x78poi', 'co_00959l6t', 'Immunology');
INSERT INTO company_therapeutic_areas (id, "companyId", "therapeuticArea") VALUES ('ta_00c443o4', 'co_009mb26o', 'Diabetes');
INSERT INTO company_therapeutic_areas (id, "companyId", "therapeuticArea") VALUES ('ta_00mhcnn3', 'co_009mb26o', 'Oncology');
INSERT INTO company_therapeutic_areas (id, "companyId", "therapeuticArea") VALUES ('ta_0060a8qi', 'co_009mb26o', 'Neuroscience');
INSERT INTO company_therapeutic_areas (id, "companyId", "therapeuticArea") VALUES ('ta_0042zq04', 'co_009mb26o', 'Obesity');
INSERT INTO company_therapeutic_areas (id, "companyId", "therapeuticArea") VALUES ('ta_00ftgwmt', 'co_00y3yifg', 'Oncology');
INSERT INTO company_therapeutic_areas (id, "companyId", "therapeuticArea") VALUES ('ta_00ql12ab', 'co_00y3yifg', 'Vaccines');
INSERT INTO company_therapeutic_areas (id, "companyId", "therapeuticArea") VALUES ('ta_00em5wfe', 'co_00y3yifg', 'Infectious Disease');
INSERT INTO company_therapeutic_areas (id, "companyId", "therapeuticArea") VALUES ('ta_00tvrn0h', 'co_00atz78g', 'Immunology');
INSERT INTO company_therapeutic_areas (id, "companyId", "therapeuticArea") VALUES ('ta_00a2ih19', 'co_00atz78g', 'Rare Disease');
INSERT INTO company_therapeutic_areas (id, "companyId", "therapeuticArea") VALUES ('ta_00bqwoyr', 'co_00atz78g', 'Vaccines');
INSERT INTO company_therapeutic_areas (id, "companyId", "therapeuticArea") VALUES ('ta_00c8n9rc', 'co_00mfj2mn', 'Respiratory');
INSERT INTO company_therapeutic_areas (id, "companyId", "therapeuticArea") VALUES ('ta_00mb08xc', 'co_00mfj2mn', 'Vaccines');
INSERT INTO company_therapeutic_areas (id, "companyId", "therapeuticArea") VALUES ('ta_00g30331', 'co_00mfj2mn', 'HIV/AIDS');
INSERT INTO company_therapeutic_areas (id, "companyId", "therapeuticArea") VALUES ('ta_004ebvcj', 'co_00ya2nnr', 'Cardiovascular');
INSERT INTO company_therapeutic_areas (id, "companyId", "therapeuticArea") VALUES ('ta_007ymwjq', 'co_00ya2nnr', 'Oncology');
INSERT INTO company_therapeutic_areas (id, "companyId", "therapeuticArea") VALUES ('ta_00bdi8rn', 'co_00ya2nnr', 'Ophthalmology');
INSERT INTO company_therapeutic_areas (id, "companyId", "therapeuticArea") VALUES ('ta_00sbd94c', 'co_002bi58c', 'Cardiovascular');
INSERT INTO company_therapeutic_areas (id, "companyId", "therapeuticArea") VALUES ('ta_00t3uv4y', 'co_002bi58c', 'Diabetes');
INSERT INTO company_therapeutic_areas (id, "companyId", "therapeuticArea") VALUES ('ta_00g2rb43', 'co_00bkqqhu', 'Oncology');
INSERT INTO company_therapeutic_areas (id, "companyId", "therapeuticArea") VALUES ('ta_004e66pa', 'co_007ppbjh', 'Oncology');
INSERT INTO company_therapeutic_areas (id, "companyId", "therapeuticArea") VALUES ('ta_00j3ajuu', 'co_007ppbjh', 'CNS');

-- INSIGHTS
INSERT INTO insights (id, title, "contentType", summary, body, author, "publishedAt", "isPremium", tags) VALUES ('in_007aa0kg', 'Global Oncology Market Report 2024', 'Market Report', 'Comprehensive analysis of the global oncology therapeutics market reaching $300B+', 'The global oncology market continues to expand driven by immunotherapy advances and precision medicine. Key growth areas include ADCs and bispecific antibodies.', 'WHAI Research', '2024-06-01T00:00:00.000Z', true, 'oncology;market-report;immunotherapy');
INSERT INTO insights (id, title, "contentType", summary, body, author, "publishedAt", "isPremium", tags) VALUES ('in_00c1kf1c', 'AI in Drug Discovery: State of Play', 'Analysis', 'How artificial intelligence is reshaping pharmaceutical R&D pipelines', 'AI-driven drug discovery is accelerating timelines from target identification to clinical candidates. Major pharma companies are investing heavily in ML platforms.', 'Sarah Mitchell', '2024-03-15T00:00:00.000Z', false, 'AI;drug-discovery;R&D');
INSERT INTO insights (id, title, "contentType", summary, body, author, "publishedAt", "isPremium", tags) VALUES ('in_004fr9ee', 'Digital Health Funding Q1 2024', 'Data Snapshot', 'Quarterly overview of digital health venture funding and M&A activity', 'Digital health funding reached $3.2B in Q1 2024 marking a stabilization after the 2022-2023 correction. Telehealth and AI diagnostics lead deal volume.', 'WHAI Data Team', '2024-04-01T00:00:00.000Z', false, 'digital-health;funding;venture-capital');
INSERT INTO insights (id, title, "contentType", summary, body, author, "publishedAt", "isPremium", tags) VALUES ('in_0010cr5z', 'mRNA Therapeutics Beyond Vaccines', 'Analysis', 'The expanding frontier of mRNA technology into oncology and rare diseases', 'Following COVID-19 vaccine success mRNA platforms are being developed for cancer vaccines personalized neoantigen therapies and rare genetic disorders.', 'Dr. James Ward', '2024-05-20T00:00:00.000Z', true, 'mRNA;oncology;rare-disease');
INSERT INTO insights (id, title, "contentType", summary, body, author, "publishedAt", "isPremium", tags) VALUES ('in_00gv0ouh', 'Healthcare M&A Outlook 2024', 'Market Report', 'Strategic review of healthcare mergers and acquisitions trends', 'Healthcare M&A activity is rebounding with pharma companies pursuing bolt-on acquisitions in oncology and rare disease. PE activity remains strong in health IT.', 'WHAI Research', '2024-01-10T00:00:00.000Z', true, 'M&A;strategy;private-equity');
INSERT INTO insights (id, title, "contentType", summary, body, author, "publishedAt", "isPremium", tags) VALUES ('in_00wybi2y', 'Precision Medicine Data Infrastructure', 'Analysis', 'Building the data backbone for precision medicine at scale', 'Healthcare systems are investing in genomic data infrastructure interoperability standards and clinical decision support systems powered by real-world evidence.', 'Elena Rodriguez', '2024-07-01T00:00:00.000Z', false, 'precision-medicine;data;infrastructure');
INSERT INTO insights (id, title, "contentType", summary, body, author, "publishedAt", "isPremium", tags) VALUES ('in_00454pgd', 'GLP-1 Market Disruption Report', 'Market Report', 'How GLP-1 receptor agonists are reshaping cardiometabolic care', 'The GLP-1 market is projected to exceed $100B by 2030 with expanding indications beyond diabetes into obesity NASH and cardiovascular risk reduction.', 'WHAI Research', '2024-08-15T00:00:00.000Z', true, 'GLP-1;obesity;cardiovascular');
INSERT INTO insights (id, title, "contentType", summary, body, author, "publishedAt", "isPremium", tags) VALUES ('in_0009rkub', 'Biotech IPO Window Analysis', 'Data Snapshot', 'Analysis of biotech IPO market conditions and pipeline companies', 'The biotech IPO window has reopened with improved market conditions. Companies with differentiated platforms and Phase 2+ data are finding investor appetite.', 'WHAI Data Team', '2024-09-01T00:00:00.000Z', false, 'biotech;IPO;capital-markets');
